STORE,STATE,STORE_TYPE,AREA,COUNTRY,AVERAGE_BASKET_SIZE,NO_OF_TRANSACTIONS,AVG_BASKET_DOLLARS,TOTAL_SALES_UNITS,TOTAL_SALES_DOLLARS,LATITUDE,LONGITUDE,Cluster
1074,2,1,6,0,-0.08740757431607867,0.46017237440982506,-0.12412723384423566,0.4011010212818412,0.275147953436748,8.374085598359256,0.2781202851555559,1
1022,9,1,2,0,-0.08737698192951923,0.4659881124743899,-0.12412453527034503,0.5034658444609205,0.4821804108261428,8.9996866,-0.0144207,1
1275,4,1,2,0,-0.08733683979454801,0.1951812066109396,-0.12412437274806462,0.23018058476498723,0.21463280724956452,8.374085598359256,0.2781202851555559,1
1148,4,1,6,0,-0.08746225561608505,1.6291687838022557,-0.12412853097929306,1.3564499837324426,1.2124865764180617,8.374085598359256,0.2781202851555559,3
1104,1,1,5,0,-0.08707453978087151,-0.5575970446189805,-0.12411394790312526,-0.2612980207301917,-0.1645223788366385,8.374085598359256,0.2781202851555559,1
1047,4,1,2,0,-0.08729788819972209,0.15362677910195177,-0.12412431627358998,0.28392976880233173,0.1753055400394927,8.374085598359256,0.2781202851555559,1
3320,9,0,1,0,-0.087560951257912,-1.3308918567168104,-0.12413136957807865,-1.4126568321171469,-1.4358746155440085,8.9996866,-0.0144207,4
3340,4,0,4,0,-0.08742995460917216,-1.344038934020615,-0.1241291889297199,-1.3959370512187526,-1.4240150060169487,8.374085598359256,0.2781202851555559,4
1084,2,1,0,0,-0.08749228724098185,0.2779467627051216,-0.12413004729642095,-0.0866144543288101,-0.08579589710840392,8.374085598359256,0.2781202851555559,1
1220,2,1,2,0,-0.08745152872223975,0.13784774338239547,-0.12412737387156018,-0.11129525441616166,-0.033683881442868595,8.374085598359256,0.2781202851555559,1
1290,8,0,1,0,-0.08750202360724249,-1.2040848631323795,-0.1241265588932126,-1.28775373198252,-1.263658218304191,7.998572190140489,-0.0032095892942204103,4
3315,4,0,4,0,-0.0874644559812811,-1.385328894210532,-0.12412727142944946,-1.4402379081931596,-1.4429074306492764,8.374085598359256,0.2781202851555559,4
1141,2,1,2,0,-0.08753367031653927,0.9316031713383318,-0.12413011163576362,0.43803608982968045,0.45114269815747343,8.374085598359256,0.2781202851555559,1
1246,2,1,2,0,-0.08752511086868314,1.0672571053366768,-0.12413089887399888,0.6174025483789198,0.4877837961614349,8.374085598359256,0.2781202851555559,3
1231,2,1,4,0,-0.08717845618188631,0.42524997351753385,-0.12412036286050261,0.7793473561643807,0.7460145908022101,8.374085598359256,0.2781202851555559,3
1262,8,1,3,0,-0.08747782276849203,0.2580608546749958,-0.12412878451786856,0.013813433604527265,-0.017327437522509415,7.998572190140489,-0.0032095892942204103,1
1278,9,1,0,0,-0.08750168624212885,0.3057183741625389,-0.12412848921238648,0.010371759092969494,0.04477026998347622,8.9996866,-0.0144207,1
1100,2,1,3,0,-0.08720027412411409,0.7089954343755213,-0.12411788328389296,1.1959842808130392,1.2863923184498804,8.374085598359256,0.2781202851555559,3
8220,3,1,7,1,-0.08715283300636807,0.17771619173230743,-0.12411838079373776,0.4007498300051517,0.5826710943250435,8.374085598359256,0.2781202851555559,1
3345,2,0,4,0,-0.0873631717546455,-1.3148763261830851,-0.12412341168182751,-1.341194790534769,-1.33419427759572,8.374085598359256,0.2781202851555559,4
1032,4,1,6,0,-0.08751810407224835,1.4191283304052869,-0.12412963180746657,1.0422916989977904,0.9070382971439022,8.374085598359256,0.2781202851555559,3
1145,4,1,7,0,-0.08777681861671918,-1.6289439823545278,-0.12419036858712613,-1.6269568252810926,-1.669335112839586,8.374085598359256,0.2781202851555559,4
1868,10,2,7,2,-0.08823087664314473,-1.6289439823545278,-0.12415333217893551,-1.6269557999051023,-1.669331753954988,9.996888482166584,2.0029365425029355,0
1223,5,1,2,0,-0.08737982887334493,0.38006166332631464,-0.12412547765016974,0.34705601627128524,0.32641293969165397,8.374085598359256,0.2781202851555559,1
1098,2,1,6,0,-0.08736929745148,0.29694517944336574,-0.12412662733570864,0.24757916456898313,0.16487950984844113,8.374085598359256,0.2781202851555559,1
1064,2,1,1,0,-0.08736945251229604,-0.2635704167321187,-0.12412508580770008,-0.28102676747222277,-0.29388930723781886,8.374085598359256,0.2781202851555559,1
1279,2,1,6,0,-0.08735026515524436,0.8398253827558166,-0.12412720206806513,0.7371459565301834,0.6313136159791265,8.374085598359256,0.2781202851555559,3
1001,8,1,2,0,-0.08734870864432977,1.7841974918775225,-0.12412351097492441,1.8824032680866531,1.960673454478719,7.998572190140489,-0.0032095892942204103,3
3323,2,0,4,0,-0.08736129558688031,-1.3135616184527048,-0.12412739020521205,-1.372176013394731,-1.3775410971485726,8.374085598359256,0.2781202851555559,4
1031,4,1,2,0,-0.08710576921084204,0.0397507116470846,-0.12411497694321441,0.5691298975059519,0.6132674616495092,8.374085598359256,0.2781202851555559,1
1283,4,1,3,0,-0.0870889797342279,0.04916218806901496,-0.12411848632692997,0.4455490197108614,0.41611276774888223,8.374085598359256,0.2781202851555559,1
1227,2,1,3,0,-0.08729331265698981,0.12352836382771029,-0.12412286510816152,0.2276919972364454,0.23485686772679443,8.374085598359256,0.2781202851555559,1
1288,8,0,4,0,-0.08757037228087329,-1.0852729200398556,-0.12413000908936572,-1.222117876777223,-1.2171096461336377,7.998572190140489,-0.0032095892942204103,4
1247,10,2,7,2,-0.08823087664314473,-1.6289439823545278,-0.12415333217893551,-1.6269568252810926,-1.669331753954988,9.996888482166584,2.0029365425029355,0
1364,2,1,2,0,-0.08754936210787452,-0.2148041688684714,-0.12413188616157378,-0.6125174952594943,-0.5877303447638651,8.374085598359256,0.2781202851555559,1
1060,4,1,6,0,-0.08740254902887121,2.016473543716361,-0.12412643234414339,1.9317981929810422,1.827901937136729,8.374085598359256,0.2781202851555559,3
1087,2,1,4,0,-0.08722514696874366,-0.003878767134612011,-0.12412059915021938,0.20653592711586868,0.2277459766925982,8.374085598359256,0.2781202851555559,1
8222,3,1,7,1,-0.08716673807936934,0.6168870616441677,-0.12411907036064891,0.8284720944853166,1.0748662276842087,8.374085598359256,0.2781202851555559,3
3309,8,0,1,0,-0.08755522013750244,-1.2774084273447384,-0.12412874432968361,-1.3638366304653404,-1.361069463639807,7.998572190140489,-0.0032095892942204103,4
1371,2,1,2,0,-0.08743229232692122,1.0600859722618745,-0.12412682241216877,0.8569360192890073,0.8729835879766265,8.374085598359256,0.2781202851555559,3
1359,9,1,5,0,-0.08716650242325362,-0.7609673270743867,-0.12411928761123327,-0.6706634915433931,-0.6154676751992728,8.9996866,-0.0144207,4
3311,4,0,1,0,-0.08757298493075734,-1.2251151009084842,-0.1241302630261049,-1.3375372743772458,-1.3370861697503633,8.374085598359256,0.2781202851555559,4
1365,2,1,5,0,-0.08729479402130101,-0.9098649706661966,-0.12412364794413731,-0.9386198722175579,-0.908074459006238,8.374085598359256,0.2781202851555559,4
3355,2,0,4,0,-0.08739675592954105,-1.347588899188141,-0.12412600551864589,-1.387529993474,-1.3951284332163072,8.374085598359256,0.2781202851555559,4
1355,8,1,1,0,-0.08735355503267482,-0.8669373474620339,-0.12412681495142729,-0.9477749417472595,-0.9486960468686584,7.998572190140489,-0.0032095892942204103,4
3354,2,0,4,0,-0.08746853932511274,-1.2424987412274024,-0.12413043537587969,-1.3424134498992817,-1.3537636283177532,8.374085598359256,0.2781202851555559,4
1127,2,1,0,0,-0.08744788944715795,1.3305572080665042,-0.12412738957301526,1.097120091264962,1.0688353671827724,8.374085598359256,0.2781202851555559,3
1090,8,1,2,0,-0.08751665925960826,1.0434143593404543,-0.12413032825118084,0.6133861506247795,0.5230923191763602,7.998572190140489,-0.0032095892942204103,1
1125,4,1,6,0,-0.08744930815146153,0.289092534430958,-0.12412795477666495,0.14831456569668028,0.06659769872604009,8.374085598359256,0.2781202851555559,1
1165,2,1,1,0,-0.08740199371590489,-0.21434643697007977,-0.1241258862452472,-0.24749697258828443,-0.2846844915758387,8.374085598359256,0.2781202851555559,1
1289,8,0,4,0,-0.08752893721567181,-1.2935816210879096,-0.12412837251713713,-1.3713413573385986,-1.3708046491951555,7.998572190140489,-0.0032095892942204103,4
3349,8,0,4,0,-0.08767113479483653,-1.3310520628812474,-0.12413280498985294,-1.4383466021789877,-1.4512499789847595,7.998572190140489,-0.0032095892942204103,4
1004,9,1,2,0,-0.08736259078740069,1.115313868757817,-0.12412564458419836,1.0594708483398547,1.0404730477466453,8.9996866,-0.0144207,3
3344,2,0,1,0,-0.08757906817316638,-1.131048652834011,-0.12412947775760695,-1.2666412403415326,-1.2457506119182526,8.374085598359256,0.2781202851555559,4
3317,2,0,1,0,-0.08754509509757119,-1.2339747560973535,-0.12413009757391809,-1.324430405780795,-1.3420447123898536,8.374085598359256,0.2781202851555559,4
1168,10,2,7,2,-0.08823087664314473,-1.6289439823545278,-0.12415333217893551,-1.6269563125930975,-1.669331753954988,9.996888482166584,2.0029365425029355,0
1284,8,1,1,0,-0.08705184664179781,0.23046470711196196,-0.1241181970115326,0.7014838922743445,0.6606093217488997,7.998572190140489,-0.0032095892942204103,1
8205,3,1,7,1,-0.0869679387617755,-0.19892595790426357,-0.12411258327430405,0.19440060227025982,0.40886031652329974,8.374085598359256,0.2781202851555559,1
1007,8,1,6,0,-0.08734698186165528,1.0346411646212814,-0.1241243232569765,1.151622413967207,1.0863308935142333,7.998572190140489,-0.0032095892942204103,3
3356,8,0,1,0,-0.0875471072557153,-1.169030228580553,-0.12412818591090524,-1.281282584107519,-1.256873689261306,7.998572190140489,-0.0032095892942204103,4
1170,5,1,3,0,-0.08714572223064523,1.1958441674148532,-0.1241201953706389,1.7603589162130788,1.6689609219691708,8.374085598359256,0.2781202851555559,3
1088,9,1,3,0,-0.08742318256073706,0.14065516569253086,-0.12412551505650506,0.12343330460321832,0.08622626658353717,8.9996866,-0.0144207,1
1258,4,1,6,0,-0.08731309710034622,0.744528144465668,-0.12412545569811587,0.8400526909201544,0.6903313861915766,8.374085598359256,0.2781202851555559,3
1178,4,1,3,0,-0.08723560142777308,0.5317158701284386,-0.1241217516573109,0.7977820784066096,0.7641812605676525,8.374085598359256,0.2781202851555559,3
1164,8,1,3,0,-0.0875407086700069,0.5484663146545816,-0.1241302326328519,0.2534022748180928,0.12445860727943328,7.998572190140489,-0.0032095892942204103,1
1379,2,1,3,0,-0.08814006503785962,-1.6289439823545278,-0.12438315996706777,-1.6269588760330733,-1.6693525971774728,8.374085598359256,0.2781202851555559,4
1130,2,1,6,0,-0.08727770373124438,1.1000612247214112,-0.1241237234767366,1.2648762174756436,1.212387058041636,8.374085598359256,0.2781202851555559,3
1058,2,1,2,0,-0.08742577477800992,0.8219255225737124,-0.12412872085675895,0.4632649533838658,0.4818794198337547,8.374085598359256,0.2781202851555559,1
1017,4,1,2,0,-0.0873768661447225,0.24824504840948616,-0.12412188356235691,0.3056682524854184,0.43608271114006736,8.374085598359256,0.2781202851555559,1
1019,2,1,6,0,-0.08724264341370493,1.5451597227174432,-0.12412230659388104,1.8043198610466902,1.8427846408814945,8.374085598359256,0.2781202851555559,3
1089,8,1,4,0,-0.08732479045670076,-0.37332944005645213,-0.12412412262350593,-0.30545942656991343,-0.3613260907936272,7.998572190140489,-0.0032095892942204103,1
1183,8,1,3,0,-0.08735816531084614,-0.4097292977985519,-0.12412449721371692,-0.34413045666938896,-0.4155325691802592,7.998572190140489,-0.0032095892942204103,1
1241,9,1,1,0,-0.08725174886633784,0.16258306658048155,-0.12412157134778079,0.3247105100019205,0.3599544636909423,8.9996866,-0.0144207,1
1123,2,1,3,0,-0.08725850456868402,1.6484977846893383,-0.12412190513090614,1.8719880114648304,2.004052591203844,8.374085598359256,0.2781202851555559,3
8227,3,1,7,1,-0.08713410243169098,0.11943420629209617,-0.12412044154103427,0.294361944127995,0.38152708476078767,8.374085598359256,0.2781202851555559,1
3352,8,0,4,0,-0.08747345700056795,-0.9596102562014038,-0.1241275957183415,-1.0836808389461707,-1.0549749961006756,7.998572190140489,-0.0032095892942204103,4
1163,8,1,0,0,-0.08744339563487043,0.7865148743231368,-0.12412618032607574,0.5398549002939066,0.6696510763274045,7.998572190140489,-0.0032095892942204103,1
1095,8,1,2,0,0.008995810051425383,-1.6268613022168457,-0.11691387577669976,-1.285172860614848,-1.1309554412072773,7.998572190140489,-0.0032095892942204103,4
8297,10,2,7,2,-0.08823087664314473,-1.6289439823545278,-0.12415333217893551,-1.6269557999051023,-1.669331753954988,9.996888482166584,2.0029365425029355,0
1071,10,2,7,2,-0.08823087664314473,-1.6289439823545278,-0.12415333217893551,-1.6269557999051023,-1.669331753954988,9.996888482166584,2.0029365425029355,0
1177,4,1,3,0,-0.08734029335989701,0.30134957748788976,-0.12412448201900152,0.39473087294188813,0.3167614239516438,8.374085598359256,0.2781202851555559,1
3333,2,0,1,0,-0.08747045295266513,-1.1656760709473386,-0.1241275196154777,-1.2443598200715638,-1.2428571242934254,8.374085598359256,0.2781202851555559,4
1051,8,1,6,0,-0.08743563782645992,0.02096844608308092,-0.12412698817100229,-0.05267092023277178,-0.1191919343802109,7.998572190140489,-0.0032095892942204103,1
1384,8,1,0,0,-0.08767200635921826,3.119309893106262,-0.124133385812685,1.6570676658267325,1.7084020002814102,7.998572190140489,-0.0032095892942204103,3
1138,8,1,3,0,-0.08742031609241623,0.011564598526123755,-0.12412704252168293,-0.08689335659818108,-0.13120699039936234,7.998572190140489,-0.0032095892942204103,1
1151,5,1,2,0,-0.08751935159667595,1.3279888235255288,-0.12413019834767164,0.9594438824187381,0.7702582956556586,8.374085598359256,0.2781202851555559,3
1158,9,1,2,0,-0.08747904759001832,1.4215085362769233,-0.12412755082171704,1.0911929053528333,1.1354422180505552,8.9996866,-0.0144207,3
1239,4,1,4,0,-0.08722962534305828,0.08604012134943487,-0.12411977288178713,0.30628142732763847,0.3832528171920295,8.374085598359256,0.2781202851555559,1
1029,4,1,6,0,-0.08714345262160014,0.28327679636639314,-0.12411941922289162,0.6232128414281503,0.6434343740812488,8.374085598359256,0.2781202851555559,1
1293,8,0,1,0,-0.087505967101202,-1.2597552337967672,-0.12412928381993511,-1.3484201024506612,-1.3526927903803614,7.998572190140489,-0.0032095892942204103,4
1380,2,1,3,0,-0.08739036642499319,1.20751633082384,-0.12412597730609708,1.1066058445515465,1.097860043882549,8.374085598359256,0.2781202851555559,3
1040,7,1,1,0,-0.08732904861287258,0.28661569626966105,-0.12412388846074608,0.31255467763650496,0.3421512917449275,6.9962252218361565,-0.0017697680537046693,1
3347,4,0,4,0,-0.08768435492130491,-1.1889619098005177,-0.12413486719777679,-1.3503180734087703,-1.3795881747410903,8.374085598359256,0.2781202851555559,4
1363,4,1,2,0,-0.08737621434442557,0.07368136009286055,-0.1241269556252669,0.008823441347564392,-0.06769047593183056,8.374085598359256,0.2781202851555559,1
3319,4,0,4,0,-0.08739589344631986,-1.3558357022241638,-0.1241243013945063,-1.395579707686121,-1.386567085794551,8.374085598359256,0.2781202851555559,4
3360,5,0,4,0,-0.08718972022637686,-0.9728081926050295,-0.12412191387602607,-0.956018964709549,-0.9341315920653461,8.374085598359256,0.2781202851555559,4
9995,10,1,7,0,-0.08797546900328036,-1.6289439823545278,-0.12477285039876859,-1.6269763074249088,-1.6693879386894368,9.9314057,-0.14438729707545067,0
1317,10,2,7,2,-0.08823087664314473,-1.6289439823545278,-0.12415333217893551,-1.6269557999051023,-1.669331753954988,9.996888482166584,2.0029365425029355,0
8212,3,1,7,1,-0.08730862735313409,1.4843347822861672,-0.12412320439204638,1.337335437208622,1.675798671194959,8.374085598359256,0.2781202851555559,3
8217,3,1,7,1,-0.08721814721020826,0.21487893597172658,-0.124121660655986,0.29732476805206653,0.4133178868992011,8.374085598359256,0.2781202851555559,1
1186,4,1,3,0,-0.08724080016514664,1.3485002984834566,-0.12412180921446367,1.6456316474065316,1.6779982240102524,8.374085598359256,0.2781202851555559,3
1370,8,1,3,0,-0.0873857205032668,0.5130124361691579,-0.12412724652812654,0.34614650776785855,0.32336073066225224,7.998572190140489,-0.0032095892942204103,1
1161,8,1,2,0,-0.08743317978333387,0.7906268325436884,-0.12412812350266351,0.6594773140783108,0.5059538993787137,7.998572190140489,-0.0032095892942204103,1
1057,9,1,3,0,-0.08726867274412779,0.4307681858481442,-0.1241221977532036,0.6276593844102358,0.6177168343316607,8.9996866,-0.0144207,1
1133,4,1,6,0,-0.0872813725200979,0.9917059125521454,-0.12412293490234598,1.2152331515915937,1.1716703976224438,8.374085598359256,0.2781202851555559,3
1003,5,1,2,0,-0.08738193524852951,0.49348254183778123,-0.12412555687297379,0.5011141446270883,0.4330883320267907,8.374085598359256,0.2781202851555559,1
8221,3,1,7,1,-0.0871954976607051,0.2157638843086171,-0.12411930872647157,0.39186187092093216,0.5690493957998523,8.374085598359256,0.2781202851555559,1
3346,4,0,6,0,-0.0876796635937759,-1.084451545577742,-0.12413442797119109,-1.2842331035197065,-1.302235610497079,8.374085598359256,0.2781202851555559,4
3314,4,0,4,0,-0.08742814950148811,-1.2535478806635785,-0.12412539059817855,-1.3101802429551213,-1.295246031626135,8.374085598359256,0.2781202851555559,4
8218,6,1,7,1,-0.08735230637310215,0.1736296630616665,-0.12412511120210362,0.06995328176333664,0.14490154006662065,6.002493784685699,1.0024548364772432,1
3334,8,0,4,0,-0.0875271341512489,-1.2607495291982735,-0.12412828083311253,-1.3489158717419878,-1.3403750330247843,7.998572190140489,-0.0032095892942204103,4
1002,2,1,3,0,-0.08723705305128357,1.2323177708516937,-0.12412075620060642,1.5180764122729047,1.6548357803848806,8.374085598359256,0.2781202851555559,3
1936,10,2,7,2,-0.08823087664314473,-1.6289439823545278,-0.12415333217893551,-1.6269557999051023,-1.669331753954988,9.996888482166584,2.0029365425029355,0
1128,2,1,6,0,-0.0875497896035064,-1.6289439823545278,-0.12418565486621831,-1.6269573379690878,-1.669334685589465,8.374085598359256,0.2781202851555559,4
1296,4,1,7,0,1.0197463840972611,-1.6289439823545278,5.700575440515151,-1.5926036534769157,-1.1410789131503873,8.374085598359256,0.2781202851555559,2
8234,3,1,7,1,-0.08711314992406158,1.12427778510132,-0.12411711637109442,1.511337128576431,1.8867131265415202,8.374085598359256,0.2781202851555559,3
1034,4,1,4,0,-0.08717550389659849,0.37152242046631945,-0.12411862106061,0.7542692228807745,0.8071086481394191,8.374085598359256,0.2781202851555559,1
1146,2,1,2,0,-0.08755798557791239,1.4148358223803696,-0.12413185387927841,0.7271172666567168,0.6621979451826246,8.374085598359256,0.2781202851555559,3
1140,4,1,3,0,-0.08729495680110348,1.0220687951454575,-0.1241224416788811,1.224834259677091,1.2512181870948327,8.374085598359256,0.2781202851555559,3
8224,6,1,7,1,-0.08733860494512576,-0.43718303988208607,-0.12412525154613395,-0.5032206176977586,-0.47582624999857565,6.002493784685699,1.0024548364772432,1
1292,8,0,4,0,-0.08763847303882166,-1.2714807992605666,-0.12413372986177142,-1.3925907366742958,-1.4194300136667115,7.998572190140489,-0.0032095892942204103,4
1059,5,1,4,0,-0.08722592045659167,-0.5709170428621773,-0.12412070925351268,-0.4243481838332332,-0.4383598700182036,8.374085598359256,0.2781202851555559,1
3338,4,0,4,0,-0.08752427131539228,-1.3709713703309807,-0.12412959096550742,-1.438044628949834,-1.4509037814363426,8.374085598359256,0.2781202851555559,4
3304,2,0,4,0,-0.08732628725898488,-1.3501852562340182,-0.12412432576118634,-1.3806538220828166,-1.380959155216621,8.374085598359256,0.2781202851555559,4
3350,5,0,1,0,-0.08734318866090252,-1.0015130685441676,-0.12412638497921222,-1.0642766237050807,-1.0663436072360721,8.374085598359256,0.2781202851555559,4
2104,10,2,7,2,-0.08800384762993195,-1.6289439823545278,-0.12415333217893551,-1.6269563125930975,-1.669331753954988,9.996888482166584,2.0029365425029355,0
8294,3,1,7,1,12.222833583920401,-1.6289439823545278,10.09730479244568,-1.0481971901126501,-0.7423333470374598,8.374085598359256,0.2781202851555559,2
1228,4,1,3,0,-0.08731876601480615,1.493296155674679,-0.12412498761127366,1.5407936173387655,1.486864165494568,8.374085598359256,0.2781202851555559,3
3326,4,0,4,0,-0.0873769658104593,-1.3795665582007794,-0.12412749395116017,-1.4208885505675524,-1.43953084271403,8.374085598359256,0.2781202851555559,4
1206,8,1,6,0,-0.08745803446564238,0.9427158846492844,-0.12412791469562638,0.7373874325759072,0.661838348371769,7.998572190140489,-0.0032095892942204103,3
1018,9,1,2,0,-0.0874755626946655,0.5422615044763838,-0.12412730963868242,0.3065275175653187,0.34568465024457395,8.9996866,-0.0144207,1
1102,2,1,4,0,-0.08734345405781896,-0.1772854109303032,-0.12412522280093478,-0.1920656592387962,-0.21406053632036973,8.374085598359256,0.2781202851555559,1
8207,3,1,7,1,-0.08727487517676877,0.7535429199089922,-0.12412301384243625,0.8043152615290259,0.906774754355898,8.374085598359256,0.2781202851555559,3
3343,4,0,4,0,-0.08765739227460873,-1.2953794902665923,-0.12413151317729881,-1.415888304550686,-1.4097671549734136,8.374085598359256,0.2781202851555559,4
8323,10,2,7,2,-0.08823087664314473,-1.6289439823545278,-0.12415333217893551,-1.6269557999051023,-1.669331753954988,9.996888482166584,2.0029365425029355,0
1011,10,2,7,2,-0.08823087664314473,-1.6289439823545278,-0.12415333217893551,-1.6269557999051023,-1.669331753954988,9.996888482166584,2.0029365425029355,0
1245,0,1,3,0,-0.0874916679058338,0.35095754345357943,-0.1241291770202975,0.12386652595913464,0.03628519409784281,8.374085598359256,0.2781202851555559,1
1368,2,1,2,0,-0.08758903860633964,0.7481518553279352,-0.12413162446982401,0.2136402446649013,0.17096817809736448,8.374085598359256,0.2781202851555559,1
8213,3,1,7,1,-0.08729683228778164,0.41228090306310405,-0.12412237495061555,0.37406749598466715,0.5842894815069691,8.374085598359256,0.2781202851555559,1
1033,4,1,3,0,-0.08712516021291855,0.015460405572434836,-0.12411619746300181,0.4011425490094498,0.5084625891533227,8.374085598359256,0.2781202851555559,1
1025,4,1,5,0,-0.08711224975402419,-0.563354294718751,-0.12411756728678772,-0.355542891441812,-0.310156603673837,8.374085598359256,0.2781202851555559,1
1154,8,1,2,0,-0.0874220253938567,1.4822139578236193,-0.12412761626733744,1.2307932322449198,1.1839969068877294,7.998572190140489,-0.0032095892942204103,3
1117,8,1,3,0,-0.08735227776744649,0.3738568531481168,-0.12412496219890747,0.39026125900002,0.3570665162103714,7.998572190140489,-0.0032095892942204103,1
1079,2,1,2,0,-0.08744428581563123,0.9700450219382565,-0.12412968362863408,0.6468851842290079,0.5226495751926099,8.374085598359256,0.2781202851555559,3
1219,4,1,2,0,-0.08741182180188686,0.16820045415574342,-0.12412677880350789,0.09026905625983421,0.03255553163385358,8.374085598359256,0.2781202851555559,1
1373,8,1,2,0,-0.08753518596223149,0.7778205112086867,-0.12412869088361002,0.4554326188816957,0.44573972537416445,7.998572190140489,-0.0032095892942204103,1
1135,4,1,4,0,-0.08731529791960031,0.6546626580364334,-0.12412397193718987,0.7244379591939727,0.7218295206536363,8.374085598359256,0.2781202851555559,3
1108,4,1,3,0,-0.08697402268527156,0.07696431498632504,-0.1241126084273931,0.8145418489686271,0.8082703936166816,8.374085598359256,0.2781202851555559,1
1287,9,1,4,0,-0.0872174534095439,-0.13533682539770034,-0.12411895172617284,0.08532264248246055,0.16203859212645888,8.9996866,-0.0144207,1
8206,3,1,7,1,-0.08728030957025804,0.41706674435628777,-0.12412249184822448,0.45870766979482414,0.5810434466982811,8.374085598359256,0.2781202851555559,1
1131,2,1,0,0,-0.08748108199700572,0.7005095935703385,-0.12412806724224454,0.3495820300234743,0.42960913890017294,8.374085598359256,0.2781202851555559,1
1039,9,1,3,0,-0.08740864997954327,0.7712088282319185,-0.12412551711232242,0.7607629290275629,0.7115998401077581,8.9996866,-0.0144207,3
1166,9,1,4,0,-0.08719089759883938,-0.2202613502792962,-0.12411940919533394,-0.07248836199796678,0.03492666164863247,8.9996866,-0.0144207,1
1037,8,1,6,0,-0.08732720786163345,0.6085690558683952,-0.1241246100145205,0.6795951910086737,0.6226475560018022,7.998572190140489,-0.0032095892942204103,1
3329,4,0,1,0,-0.08756424408671963,-1.0518330619073553,-0.12413041869780397,-1.19870495410192,-1.1977252987446056,8.374085598359256,0.2781202851555559,4
1159,4,1,2,0,-0.08746570214353462,1.9837355411613944,-0.12412910832007987,1.6040095852068734,1.4517168447563817,8.374085598359256,0.2781202851555559,3
3348,4,0,1,0,-0.08746402598833007,-1.1846159997207883,-0.12412621774487012,-1.2531103787730784,-1.2396626208204642,8.374085598359256,0.2781202851555559,4
8215,3,1,7,1,-0.08823087664314473,-1.6289439823545278,-0.124193735538039,-1.6269557999051023,-1.6693354184980844,8.374085598359256,0.2781202851555559,4
1092,8,1,4,0,-0.08728649724601314,-0.553759725537464,-0.1241234262842714,-0.45167547935163815,-0.5225832456608783,7.998572190140489,-0.0032095892942204103,1
1094,2,1,1,0,-0.08716477178108589,0.5625364846201424,-0.12411852969930592,0.974478970565013,1.0507111644670801,8.374085598359256,0.2781202851555559,3
1182,2,1,6,0,-0.08718691301262849,0.9612743701740744,-0.1241200997477915,1.364513027832438,1.4005834293700672,8.374085598359256,0.2781202851555559,3
1139,9,1,2,0,-0.08739860848628887,1.3205786526815664,-0.124126410299417,1.1382089579496464,1.1626140957147446,8.9996866,-0.0144207,3
1320,2,1,4,0,-0.08726431696548029,-0.31944676675078276,-0.12412429945344258,-0.2837758005023096,-0.31345351282042466,8.374085598359256,0.2781202851555559,1
1050,2,1,4,0,-0.08733458812079498,0.009891334142003199,-0.1241244693717026,0.03986003451100439,0.017617496983104042,8.374085598359256,0.2781202851555559,1
1021,5,1,2,0,-0.0874715592650465,0.529017794882919,-0.12412827144191454,0.3878249656469852,0.25937215049198264,8.374085598359256,0.2781202851555559,1
1254,4,1,3,0,-0.08710452645402371,0.18711241042429141,-0.12411572818445367,0.6909737883734157,0.7661864461514629,8.374085598359256,0.2781202851555559,1
1147,8,1,2,0,-0.08752094443223266,1.377612047221165,-0.12413111026460008,0.8274133937752962,0.7134189078806574,7.998572190140489,-0.0032095892942204103,3
1103,9,1,5,0,-0.0871051262646766,-0.6472819812438495,-0.12411579047260853,-0.45726634193893706,-0.3550012902703512,8.9996866,-0.0144207,1
1378,2,1,2,0,-0.08751125551503577,0.9757234404333038,-0.12413016943854188,0.47878760781354474,0.48231068986771797,8.374085598359256,0.2781202851555559,1
1212,8,1,3,0,-0.08739613432410288,0.010333808310448453,-0.12412712980473692,-0.04432179623147306,-0.13746378963217312,7.998572190140489,-0.0032095892942204103,1
1188,8,1,0,0,-0.08752445339266086,0.20630154878686544,-0.12413063827251228,-0.09622171467024926,-0.18397253013383147,7.998572190140489,-0.0032095892942204103,1
1121,5,1,4,0,-0.08737059787366769,-0.27746766575828713,-0.12412590304491346,-0.2359984062326733,-0.34727891295151975,8.374085598359256,0.2781202851555559,1
1023,10,2,7,2,-0.08823087664314473,-1.6289439823545278,-0.12415333217893551,-1.6269557999051023,-1.669331753954988,9.996888482166584,2.0029365425029355,0
4074,10,2,7,2,-0.08823087664314473,-1.6289439823545278,-0.12415333217893551,-1.6269557999051023,-1.669331753954988,9.996888482166584,2.0029365425029355,0
1028,7,1,1,0,-0.08727289026210625,1.4292747208196348,-0.12412140915839108,1.6864903171813859,1.8124403323185916,6.9962252218361565,-0.0017697680537046693,3
1203,4,1,4,0,-0.08720568309035388,-0.24115172553089248,-0.1241210027026407,-0.024090615254178088,-0.06921605578875728,8.374085598359256,0.2781202851555559,1
3325,9,0,5,0,-0.08767328861908487,-1.265125954737896,-0.1241299804626831,-1.392401042116084,-1.3663381112691537,8.9996866,-0.0144207,4
1354,2,1,2,0,-0.08733932916767789,0.5723344902007146,-0.1241246655364778,0.6033682271992115,0.5811721907295948,8.374085598359256,0.2781202851555559,1
3341,9,0,1,0,-0.08756009286121304,-1.2998932353757322,-0.12412747827908982,-1.3787425212368332,-1.3659288311808773,8.9996866,-0.0144207,4
1257,9,1,3,0,-0.08714879484131005,-0.21074052679275004,-0.12411744003927838,0.13835765214253704,0.14604231468378318,8.9996866,-0.0144207,1
3318,4,0,4,0,-0.08756344063104188,-1.2640426559117024,-0.12412877896164325,-1.3550183969484637,-1.3497997696404933,8.374085598359256,0.2781202851555559,4
1112,8,1,4,0,-0.0872149190846694,0.4405534766537611,-0.12412260168529264,0.6735588025535745,0.5987694462553244,7.998572190140489,-0.0032095892942204103,1
3229,10,2,7,2,-0.08800384762993195,-1.6289439823545278,-0.12415333217893551,-1.6269563125930975,-1.669331753954988,9.996888482166584,2.0029365425029355,0
1294,2,1,7,0,1.4991749027493397,-1.6289439823545278,8.174312934080413,-1.5786928901040425,-0.91673218223199,8.374085598359256,0.2781202851555559,2
1261,8,1,6,0,-0.08725547940708296,0.21369391894589043,-0.12412250916627464,0.4600011816066311,0.35621906962627486,7.998572190140489,-0.0032095892942204103,1
8208,3,1,7,1,-0.08731348554698783,0.6140491238741396,-0.12412331883439282,0.6090672669534906,0.7315473159198664,8.374085598359256,0.2781202851555559,1
1218,4,1,2,0,-0.08730966941630475,0.2640596854989174,-0.12412413385558413,0.3253805932116041,0.3018987606559447,8.374085598359256,0.2781202851555559,1
1080,7,1,1,0,-0.08714012119786026,-0.3440117119644675,-0.12411805209965299,-0.11341573196417343,-0.052599477004707254,6.9962252218361565,-0.0017697680537046693,1
1374,9,1,2,0,-0.08744841388417848,0.31012277220706286,-0.12412901421970324,0.12292676886399306,0.012365893677761511,8.9996866,-0.0144207,1
8231,6,1,7,1,-0.08724033225835041,1.1862139968636911,-0.12412241478006578,1.2029188986356716,1.4347530177648125,6.002493784685699,1.0024548364772432,3
1291,8,0,4,0,-0.0876024555669625,-1.4793877134200322,-0.12413217518327241,-1.5246930016370612,-1.5564838582984675,7.998572190140489,-0.0032095892942204103,4
1217,4,1,0,0,-0.08748832127115003,1.1415241058507206,-0.1241295673701922,0.855960374034204,0.6787614676973402,8.374085598359256,0.2781202851555559,3
1242,2,1,2,0,-0.08704034898445266,0.18715818361413056,-0.12411405618439729,0.7593950774564567,0.8745418921026384,8.374085598359256,0.2781202851555559,1
1171,8,1,3,0,-0.08740823224615897,1.546367626338199,-0.1241273791887969,1.3991256197621695,1.2696816129709616,7.998572190140489,-0.0032095892942204103,3
1232,4,1,2,0,-0.08746598411356904,1.206260111058254,-0.124128457391113,0.8988708211657176,0.8458626746684439,8.374085598359256,0.2781202851555559,3
1208,2,1,3,0,-0.08716977073292782,1.3903725953663275,-0.12411924385671558,2.0571745041352085,2.0013108781384656,8.374085598359256,0.2781202851555559,3
1077,2,1,2,0,-0.08746260455967836,-0.23483502533308784,-0.12412901514172481,-0.48130320590435854,-0.4603057834149646,8.374085598359256,0.2781202851555559,1
1052,9,1,3,0,-0.08732119817662469,0.9027177455948281,-0.12412327837676795,1.0197647011781366,1.0441880560689099,8.9996866,-0.0144207,3
1009,7,1,2,0,-0.08731613997021032,1.161437986385748,-0.12412263329082157,1.3196143766556658,1.3856889607961087,6.9962252218361565,-0.0017697680537046693,3
1321,8,1,4,0,-0.0872146268983294,-0.3478617458209394,-0.12411962525175313,-0.18725408240415153,-0.12931837154664402,7.998572190140489,-0.0032095892942204103,1
1229,9,1,3,0,-0.08732319784817308,0.3382376825882739,-0.12412315296327968,0.4702405862461115,0.4479586952295428,8.9996866,-0.0144207,1
1162,9,1,2,0,-0.08747099782229682,1.471032584727908,-0.12412830008430062,1.1907871626060287,1.098141420332438,8.9996866,-0.0144207,3
1244,9,1,1,0,-0.08730188618064476,-0.22648904705241357,-0.12412187921602245,-0.08794436698827396,-0.09615063228675355,8.9996866,-0.0144207,1
1179,4,1,6,0,-0.08738062392894919,1.00203539572585,-0.12412627533917041,1.002851636905564,0.8694326127990395,8.374085598359256,0.2781202851555559,3
8235,6,1,7,1,-0.08694120337112152,-1.5826113424173294,-0.12411431361378895,-1.566203297853773,-1.60485403890223,6.002493784685699,1.0024548364772432,4
1172,8,1,4,0,-0.08777681861671918,-1.6289439823545278,-0.12417824758309873,-1.6269573379690878,-1.6693340138125454,7.998572190140489,-0.0032095892942204103,4
3324,8,0,4,0,-0.08759866372838382,-1.2882795599315398,-0.1241304431059796,-1.3903569550793522,-1.391241552784489,7.998572190140489,-0.0032095892942204103,4
1169,2,1,4,0,-0.08730131497564751,-0.34548916881427605,-0.12412258381497766,-0.2607417542554353,-0.261888423662218,8.374085598359256,0.2781202851555559,1
1013,4,1,0,0,-0.08719871193747417,0.4117112811451055,-0.12411867305622644,0.8189150775674038,0.8530755259881685,8.374085598359256,0.2781202851555559,3
1395,9,1,3,0,-0.08736418407701542,-0.15117689203704218,-0.1241252067269082,-0.1179514826574181,-0.18703994147492417,8.9996866,-0.0144207,1
1116,5,1,2,0,-0.08730489340695377,-0.30382539424067245,-0.12412316583698221,-0.22515249169491006,-0.24370548278800552,8.374085598359256,0.2781202851555559,1
1110,2,1,4,0,-0.08738476584626625,0.07411111948635048,-0.12412574289833392,0.034354278130903255,0.0063717780302744685,8.374085598359256,0.2781202851555559,1
1016,8,1,3,0,-0.08736569972270763,0.15308767264384607,-0.12412473805228326,0.22076353166975513,0.14794190298182186,7.998572190140489,-0.0032095892942204103,1
8219,3,1,7,1,-0.0871296644685407,0.5104898248180217,-0.1241176435196271,0.7673509697654621,1.0537273293058596,8.374085598359256,0.2781202851555559,3
1351,2,1,6,0,-0.08730883122518796,0.8356778231653902,-0.12412513447163169,0.9062637820560293,0.8091857675957819,8.374085598359256,0.2781202851555559,3
1093,2,1,3,0,-0.08716695784345413,1.4369595308026324,-0.12412008042633052,1.9570280819112178,1.966475440583642,8.374085598359256,0.2781202851555559,3
1399,2,1,2,0,-0.08741511485772352,0.846053079528934,-0.12412783064762181,0.557625691582394,0.5816338270956556,8.374085598359256,0.2781202851555559,1
1101,4,1,6,0,-0.08735091513930918,0.8192096466432554,-0.12412398265417302,0.876565817247971,0.8931905423263752,8.374085598359256,0.2781202851555559,3
8232,6,1,7,1,-0.08710784380196478,-0.4529900481065441,-0.12411911133467993,-0.29402699696567886,-0.23414165677642057,6.002493784685699,1.0024548364772432,1
3312,4,0,4,0,-0.08741136206813511,-1.3881897185754797,-0.1241250007100687,-1.424779852450872,-1.4260692756531677,8.374085598359256,0.2781202851555559,4
1386,9,1,0,0,-0.08767257552095438,1.5530810275146096,-0.12413431679072325,0.5948447892795559,0.48859446967695147,8.9996866,-0.0144207,3
1222,8,1,3,0,-0.0871811898382344,0.09471159786896541,-0.12411711643473042,0.539699555831371,0.5569288708043212,7.998572190140489,-0.0032095892942204103,1
1132,4,1,4,0,-0.08714447901976889,-0.12901503928991356,-0.12411854972391809,0.19328550588077104,0.19129437083501435,8.374085598359256,0.2781202851555559,1
1150,4,1,3,0,-0.08729492547109965,0.9196131385554619,-0.12412301026980731,1.1660981595107545,1.0866656735421243,8.374085598359256,0.2781202851555559,3
1189,2,1,3,0,-0.08730395713930329,-0.5664160125279928,-0.12412506276077567,-0.5612040918871894,-0.5980943182184132,8.374085598359256,0.2781202851555559,1
1194,2,1,7,0,14.260418977505063,-1.6289439823545278,9.299776367211145,-0.8538530644725947,-0.814662321154631,8.374085598359256,0.2781202851555559,2
1233,8,1,0,0,-0.08748657314774828,-0.3206724710564759,-0.12412869927431368,-0.5198168407893178,-0.5200095036964814,7.998572190140489,-0.0032095892942204103,1
1061,7,1,2,0,-0.0874322008342289,0.2667069016446157,-0.12412713700447535,0.12151174999733144,0.1016239404075654,6.9962252218361565,-0.0017697680537046693,1
1076,2,1,0,0,-0.08759746864765826,0.1298704935754256,-0.12413148464051837,-0.3151389759186711,-0.29892139870157647,8.374085598359256,0.2781202851555559,1
1259,8,1,3,0,-0.08732532669922997,0.487458281463949,-0.12412527061682876,0.5120969468595612,0.4487271959335998,7.998572190140489,-0.0032095892942204103,1
1286,8,1,3,0,-0.08744497689194744,0.18397186101032653,-0.12412752226962576,0.015373030485826049,-0.0005782419132041798,7.998572190140489,-0.0032095892942204103,1
8201,3,1,7,1,-0.08725812406805787,0.5397872092700778,-0.12412088179381017,0.5886863810816068,0.8405516741914226,8.374085598359256,0.2781202851555559,1
3313,2,0,4,0,-0.08737532461772278,-1.240441490639631,-0.12412325820218054,-1.2787555449793395,-1.2526399374888209,8.374085598359256,0.2781202851555559,4
1375,8,1,2,0,-0.08754306545819306,0.9138380877707539,-0.1241313077599233,0.40652064607875427,0.32795994117099336,7.998572190140489,-0.0032095892942204103,1
1055,2,1,2,0,-0.0873876793095928,0.3472168566617233,-0.12412603127347303,0.22374327429766722,0.2547670041623798,8.374085598359256,0.2781202851555559,1
1361,8,1,3,0,-0.08737499429050856,0.31870015939192403,-0.12412554729104568,0.2725983387331451,0.26061925799064384,7.998572190140489,-0.0032095892942204103,1
1280,2,1,4,0,-0.08719731616310093,-0.5425808953967436,-0.12412102967952138,-0.3881108836468166,-0.4178065360684927,8.374085598359256,0.2781202851555559,1
1149,4,1,4,0,-0.0873410098634627,0.02874988835573882,-0.12412378854998546,0.10628645460484953,0.07727967928235004,8.374085598359256,0.2781202851555559,1
3316,8,0,4,0,-0.08750742462746683,-1.2863825155082056,-0.12412644709810325,-1.355837672364741,-1.3408732268190338,7.998572190140489,-0.0032095892942204103,4
1167,5,1,1,0,-0.08738744683188328,0.34662180519381414,-0.12412566342502299,0.3225413270943679,0.2801048522381159,8.374085598359256,0.2781202851555559,1
1096,9,1,3,0,-0.08728724916610492,0.19811577667062824,-0.12412195417399434,0.34223572374072275,0.37525783279921765,8.9996866,-0.0144207,1
1382,8,1,3,0,-0.08745793729722473,0.6151425945202973,-0.1241284985384448,0.3914932482524069,0.3181719673853016,7.998572190140489,-0.0032095892942204103,1
1136,8,1,3,0,-0.08732120634966918,0.11155867468476886,-0.1241223803325697,0.30085308683480755,0.25194242875752104,7.998572190140489,-0.0032095892942204103,1
1263,8,1,2,0,-0.0874025833102522,-0.2832859467778431,-0.12412496893662404,-0.26014190930108955,-0.30814139114772454,7.998572190140489,-0.0032095892942204103,1
1043,8,1,3,0,-0.08737510417255095,1.2040807986309117,-0.12412515038260175,1.3408278678317012,1.1780578554507892,7.998572190140489,-0.0032095892942204103,3
1285,4,1,0,0,-0.08747109726100462,0.9228859216289621,-0.12412989870692896,0.6191477383144691,0.4633018899607207,8.374085598359256,0.2781202851555559,1
1045,8,1,6,0,-0.0871852654630796,0.5059887944838373,-0.12411998993371558,0.8756993745361383,0.8693427653231484,7.998572190140489,-0.0032095892942204103,1
1006,2,1,6,0,-0.08727674793909876,1.0796768975130366,-0.12412279096683516,1.2561487297339116,1.2809422970982296,8.374085598359256,0.2781202851555559,3
1248,8,1,6,0,-0.08737056813286696,0.2826970026284304,-0.12412503362721265,0.33113961746131787,0.2599629890412163,7.998572190140489,-0.0032095892942204103,1
1175,5,1,5,0,-0.08722969958154561,-0.5401294867853573,-0.12412039565420423,-0.39721776050497254,-0.3903623885623364,8.374085598359256,0.2781202851555559,1
1049,1,1,6,0,-0.08731875965799378,0.43794186187793765,-0.12412264688341573,0.583399029787447,0.592575513921982,8.374085598359256,0.2781202851555559,1
3305,2,0,4,0,-0.08741909490335416,-1.3393420961521183,-0.12412901408110556,-1.3971208477995936,-1.4181649374790044,8.374085598359256,0.2781202851555559,4
1156,8,1,3,0,-0.08750671175636533,-0.02390962359922845,-0.12412930423177783,-0.29323540670114057,-0.2939313403196792,7.998572190140489,-0.0032095892942204103,1
1046,2,1,4,0,-0.08724600139983935,-0.018368524673698525,-0.1241224354511782,0.013974417635009782,0.10535500688531678,8.374085598359256,0.2781202851555559,1
1397,2,1,4,0,-0.0872987956346879,-0.41411589515813846,-0.1241248621766302,-0.40155202481611646,-0.43585577452594787,8.374085598359256,0.2781202851555559,1
1250,5,1,7,0,-0.08811736213653834,-1.6289439823545278,-0.12426208456897894,-1.6269568252810926,-1.6693416169837216,8.374085598359256,0.2781202851555559,4
1297,9,1,7,0,0.5336015905466475,-1.6289439823545278,3.2044493066416035,-1.607471605336766,-1.3674561012285338,8.9996866,-0.0144207,4
1157,8,1,3,0,-0.08734153884106349,0.866500980612085,-0.12412474599217226,1.0035950344985565,0.8747562252159498,7.998572190140489,-0.0032095892942204103,3
1044,8,1,3,0,-0.08746724230836025,0.616782800489534,-0.12412876640543913,0.5470391971701853,0.2981708427966156,7.998572190140489,-0.0032095892942204103,1
1356,9,1,3,0,-0.0872650371015102,0.9676749878865841,-0.12412290655077725,1.1932752374465754,1.1482444118808448,8.9996866,-0.0144207,3
1035,8,1,2,0,-0.0873669002521295,0.11296238583983657,-0.12412457336854281,0.0941285714874533,0.11725380451898224,7.998572190140489,-0.0032095892942204103,1
1377,2,1,6,0,-0.08739128021677137,0.46363587910765514,-0.1241269298860173,0.3882315272271528,0.3010558875291168,8.374085598359256,0.2781202851555559,1
8230,3,1,7,1,-0.08724080538681395,0.41875780942534574,-0.12412198085240597,0.49623899448104286,0.6202208787688709,8.374085598359256,0.2781202851555559,1
1267,8,1,3,0,-0.08730322542479371,0.03657456086324482,-0.1241247301585935,0.09580813735962121,0.029593637637078833,7.998572190140489,-0.0032095892942204103,1
8225,6,1,7,1,-0.08738224105661031,-0.18884059840970108,-0.12412519344771619,-0.3096204023386908,-0.2241368898303378,6.002493784685699,1.0024548364772432,1
3330,2,0,4,0,-0.08752631207919205,-1.3118552956537004,-0.12412974146294517,-1.396751199755078,-1.4025520337194772,8.374085598359256,0.2781202851555559,4
3310,5,0,4,0,-0.08760856741502719,-1.292694129796028,-0.12413134298665815,-1.3935376714013696,-1.4056366143350816,8.374085598359256,0.2781202851555559,4
1072,2,1,4,0,-0.08710286823411119,0.034011262232251635,-0.12411908455169969,0.34563330708469614,0.3618050411602565,8.374085598359256,0.2781202851555559,1
1352,9,1,5,0,-0.08723255969305406,-0.44498991170465463,-0.12411837122843901,-0.3742395972495714,-0.19312740657138447,8.9996866,-0.0144207,1
1126,8,1,4,0,-0.08726915813215803,-0.5467564274920719,-0.12412376458783198,-0.473524703641681,-0.5281706514385834,7.998572190140489,-0.0032095892942204103,1
1144,8,1,3,0,-0.08752405790811986,1.2650990036415084,-0.12413077277867021,0.8199066161500572,0.6590831453540684,7.998572190140489,-0.0032095892942204103,3
8210,6,1,7,1,-0.08745407371747788,1.8590748015894218,-0.12412832623709144,1.289669296233937,1.4413086529296537,6.002493784685699,1.0024548364772432,3
1014,8,1,2,0,-0.08718903142035077,1.0906319476145434,-0.12411874771569224,1.5178344235391856,1.685031526153787,7.998572190140489,-0.0032095892942204103,3
1142,9,1,2,0,-0.08735602533536758,0.5127708554450068,-0.1241227011980155,0.5837286881683394,0.6703162671461014,8.9996866,-0.0144207,1
8204,3,1,7,1,-0.0873064882857716,1.1274361352002222,-0.12412258329723078,1.0408320762755492,1.3533769430684104,8.374085598359256,0.2781202851555559,3
1226,8,1,2,0,-0.08738547531193254,0.2313776279537542,-0.12412686220693067,0.12155532847692066,0.08685043131397607,7.998572190140489,-0.0032095892942204103,1
1211,5,1,0,0,-0.08771147716939741,0.21130354125428966,-0.1241366486765888,-0.4914549408966653,-0.5743887086929083,8.374085598359256,0.2781202851555559,1
1099,2,1,6,0,-0.08739332302383226,0.23623721494167876,-0.12412585088478868,0.1758469364131521,0.15871063546597747,8.374085598359256,0.2781202851555559,1
1237,4,1,6,0,-0.08732033705557758,0.6155952405087068,-0.12412408364902655,0.7857533926639955,0.6719797238415639,8.374085598359256,0.2781202851555559,3
1024,9,1,2,0,-0.08728278554867613,0.1840735792099691,-0.12412028950472605,0.38033613210157713,0.4671799143574075,8.9996866,-0.0144207,1
1295,8,1,7,0,1.4018551325701496,-1.6289439823545278,7.583255978662216,-1.5808641237635759,-0.9703359678938648,7.998572190140489,-0.0032095892942204103,2
1236,4,1,4,0,-0.08823087664314473,-1.6289439823545278,-0.1241694935225769,-1.6269563125930975,-1.6693332197722264,8.374085598359256,0.2781202851555559,4
1191,8,1,3,0,-0.08741796566104243,0.9651294899405285,-0.12412777810888115,0.8502838925517121,0.6947921817684692,7.998572190140489,-0.0032095892942204103,3
1027,4,1,3,0,-0.08728500589242535,0.2891154210258776,-0.12412138595845443,0.4802349260239019,0.5159607421154779,8.374085598359256,0.2781202851555559,1
1383,4,1,4,0,-0.08745026417063616,1.0278209593352459,-0.12412724624847937,0.8228043286987425,0.802320341160906,8.374085598359256,0.2781202851555559,3
1119,9,1,5,0,-0.08709901214632178,-0.45024365671619426,-0.12411624768627762,-0.20967905531276718,-0.11041062569811093,8.9996866,-0.0144207,1
1067,4,1,2,0,-0.08733106304130682,0.40471306900969556,-0.12412515775688543,0.4713254340438854,0.37410281718313626,8.374085598359256,0.2781202851555559,1
1153,5,1,2,0,-0.08747976477467105,0.8482400208212496,-0.12412956399919693,0.6354158410891212,0.43048838337298256,8.374085598359256,0.2781202851555559,1
1367,2,1,2,0,-0.08743674845239256,0.35009293875661746,-0.12412665588115561,0.14978649293080545,0.21348247593394343,8.374085598359256,0.2781202851555559,1
1106,8,1,3,0,-0.08722732553915444,1.545350444341773,-0.12412353967535397,1.8556788936505648,1.7034016610255356,7.998572190140489,-0.0032095892942204103,3
1396,8,1,4,0,-0.08743380365906217,-0.9319149333937184,-0.12412834852649522,-0.9713155237333592,-1.0482684737936965,7.998572190140489,-0.0032095892942204103,4
1048,5,1,3,0,-0.08723631293670049,0.5554746986099558,-0.12412071616855959,0.9543887787863891,0.8716098532157251,8.374085598359256,0.2781202851555559,3
1078,2,1,2,0,-0.08727145498468472,1.171813242749292,-0.12412398703518097,1.313683601927571,1.2618284883820428,8.374085598359256,0.2781202851555559,3
1042,2,1,3,0,-0.0874186487913432,1.1360974398997885,-0.12412701210476366,1.018472727430315,0.9261418155812343,8.374085598359256,0.2781202851555559,3
1282,9,1,3,0,-0.0872332614397339,0.2950252484251119,-0.12412114460002274,0.5791667903873412,0.5392550253202093,8.9996866,-0.0144207,1
3328,5,0,1,0,-0.08769775213040361,-1.192117716944429,-0.12413438099005346,-1.360650274575376,-1.3740917564447088,8.374085598359256,0.2781202851555559,4
1176,4,1,4,0,-0.0871372917352686,-0.6329829453290928,-0.12411937651974886,-0.42999185328403433,-0.4632324017339134,8.374085598359256,0.2781202851555559,1
1053,8,1,3,0,-0.08741706866941122,2.9437773389380406,-0.12412662349666195,2.7402076998887375,2.6863375421331024,7.998572190140489,-0.0032095892942204103,3
1180,8,1,3,0,-0.08731455439958205,0.756246081064494,-0.12412469075392873,0.8954363242860921,0.7670511137368934,7.998572190140489,-0.0032095892942204103,3
1210,2,1,3,0,-0.08732045738095458,-0.11745985181051569,-0.12412364511163669,-0.039164667688085665,-0.06904032163369317,8.374085598359256,0.2781202851555559,1
1184,4,1,4,0,-0.0873625170029714,0.5333687908726307,-0.12412465484267944,0.483837071877947,0.5421598451498933,8.374085598359256,0.2781202851555559,1
9999,10,1,7,0,-0.08686870256386808,-1.6289439823545278,-0.12463155571771971,-1.6269819469928557,-1.6693751245446953,9.9314057,-0.14438729707545067,0
1097,2,1,3,0,-0.08718412328011413,2.4323051727202296,-0.12412045059343794,2.9339371126225875,3.0932244835780573,8.374085598359256,0.2781202851555559,3
1054,2,1,4,0,-0.08733352630610018,0.3649717684093368,-0.12412441545707391,0.39572753840449326,0.38695593976525544,8.374085598359256,0.2781202851555559,1
1235,9,1,1,0,-0.08724835569070637,0.19743680768801397,-0.12412118725835883,0.44494045906059787,0.4244516495259381,8.9996866,-0.0144207,1
3307,1,0,5,0,-0.08756419459439475,-1.3188102775542623,-0.12412758164297767,-1.395864762211434,-1.3845145217999308,8.374085598359256,0.2781202851555559,4
3337,2,0,3,0,-0.08747751877664334,-1.2154493289874475,-0.12412834877139482,-1.2924950705618268,-1.300904539616566,8.374085598359256,0.2781202851555559,4
1369,8,1,3,0,-0.08734382297996543,0.6446917315164689,-0.1241255490871637,0.6288319018551833,0.5835033379256722,7.998572190140489,-0.0032095892942204103,1
1251,2,1,2,0,-0.08742104281228752,0.3825893605874329,-0.12412599554305032,0.2928787377579761,0.29177083751896526,8.374085598359256,0.2781202851555559,1
1085,8,1,0,0,-0.08758817952855365,0.5207964213968068,-0.12413113207795999,0.04299460891345697,0.03270503558731429,7.998572190140489,-0.0032095892942204103,1
8226,6,1,7,1,-0.08722006742160203,-0.01372508886001443,-0.12412207658242193,0.07450082428047018,0.1311441862691665,6.002493784685699,1.0024548364772432,1
3342,2,0,1,0,-0.08752457553426998,-1.1455282385531331,-0.12412942559096375,-1.2510319416406703,-1.2571695801233203,8.374085598359256,0.2781202851555559,4
1109,8,1,4,0,-0.08731345648727415,0.05201792652398059,-0.12412386315162259,0.20630829364601444,0.09732342677303196,7.998572190140489,-0.0032095892942204103,1
1265,8,1,3,0,-0.0873361246531564,-0.4405499122902557,-0.12412249717510547,-0.35404071561597195,-0.3624602967760699,7.998572190140489,-0.0032095892942204103,1
8203,3,1,7,1,-0.08732472143988075,0.5093709246219533,-0.12412458741752189,0.4093440188681403,0.5227580853031047,8.374085598359256,0.2781202851555559,1
1012,5,1,2,0,-0.08738687063224773,0.7128581830069485,-0.12412589542426355,0.6755321386469733,0.6221208325135538,8.374085598359256,0.2781202851555559,1
1113,2,1,6,0,-0.08702913738366416,-0.024186805693254498,-0.1241162179229474,0.43274976391151093,0.4547842658115548,8.374085598359256,0.2781202851555559,1
8229,3,1,7,1,-0.08736144633414508,1.0196707885888836,-0.1241245970915744,0.7851443193257368,1.044976680522371,8.374085598359256,0.2781202851555559,3
1124,4,1,0,0,-0.0874337868589152,0.4184094245915699,-0.12412727289309157,0.25898749783744485,0.2334252325131917,8.374085598359256,0.2781202851555559,1
1625,10,2,7,2,-0.08823087664314473,-1.6289439823545278,-0.12415333217893551,-1.6269568252810926,-1.669331753954988,9.996888482166584,2.0029365425029355,0
1036,0,1,2,0,-0.08750579955379024,1.16930080321812,-0.12412804197319446,0.8018851204319332,0.8545320834537125,8.374085598359256,0.2781202851555559,3
3327,8,0,4,0,-0.0875954794194445,-1.3188306211941907,-0.12413198997618742,-1.423977495738435,-1.4332889629748269,7.998572190140489,-0.0032095892942204103,4
1160,2,1,2,0,-0.08756698114850292,0.8706332824725651,-0.12413172174963619,0.29663058850661006,0.25711878297121254,8.374085598359256,0.2781202851555559,1
8216,3,1,7,1,-0.08724910670268207,-0.49547265418727054,-0.12412209435730145,-0.45603742881452114,-0.4065749573480443,8.374085598359256,0.2781202851555559,1
3335,4,0,4,0,-0.08750048798299712,-1.2344986048255129,-0.12412673994758948,-1.3164114528483841,-1.295245360520992,8.374085598359256,0.2781202851555559,4
3336,8,0,4,0,-0.08756038164211784,-1.2012164099024585,-0.12412915743097436,-1.3111487105779922,-1.3005586450395399,7.998572190140489,-0.0032095892942204103,4
1358,5,1,5,0,-0.08736567020893592,-0.7899824435224347,-0.12412520261888084,-0.8567774367970287,-0.8276774111674006,8.374085598359256,0.2781202851555559,4
3331,4,0,4,0,-0.08760031105090368,-1.3340349490857664,-0.12412969035065463,-1.42002313323171,-1.4206749546848068,8.374085598359256,0.2781202851555559,4
1325,10,2,7,2,-0.08823087664314473,-1.6289439823545278,-0.12415333217893551,-1.6269557999051023,-1.669331753954988,9.996888482166584,2.0029365425029355,0
1187,9,1,1,0,-0.08735067562370025,-0.2732209309232091,-0.12412402222438312,-0.24562617409391913,-0.25218638828252204,8.9996866,-0.0144207,1
1372,2,1,0,0,-0.08758245771633363,1.050638894470069,-0.1241321359487011,0.4281207040031458,0.3562682766138598,8.374085598359256,0.2781202851555559,3
1065,8,1,4,0,-0.0872917232268683,0.1003773015890575,-0.12412261623459665,0.24931307536863878,0.22505067938170417,7.998572190140489,-0.0032095892942204103,1
1143,9,1,3,0,-0.08740799976844943,1.5755582066806302,-0.124126459668359,1.4216741504776205,1.4017870729020292,8.9996866,-0.0144207,3
1362,9,1,3,0,-0.08736134099268296,1.241373233574875,-0.12412552743866026,1.2500149305597306,1.1769414488696088,8.9996866,-0.0144207,3
1063,4,1,2,0,-0.08737093251443316,0.09948981029717592,-0.12412553482141046,0.1061208563824105,0.044169241921925846,8.374085598359256,0.2781202851555559,1
1357,2,1,4,0,-0.08718414371272531,-0.273688834641565,-0.12411992804247256,-0.14581556250676314,-0.054788849712561226,8.374085598359256,0.2781202851555559,1
3321,5,0,5,0,-0.0874783101997834,-1.3838031212158932,-0.1241296876863586,-1.4351889568167526,-1.462614050251733,8.374085598359256,0.2781202851555559,4
1026,8,1,3,0,-0.0873224956474352,0.5790936645669645,-0.1241214602199195,0.7640559240205222,0.8404918128218923,7.998572190140489,-0.0032095892942204103,3
1230,4,1,6,0,-0.0871967297471598,0.29425981897280146,-0.12412037819775638,0.6052841422371514,0.5909429932254445,8.374085598359256,0.2781202851555559,1
1030,2,1,2,0,-0.08731064927352578,-0.13972596571227797,-0.12412170307082246,-0.012282898037481083,0.010529563925135446,8.374085598359256,0.2781202851555559,1
1213,2,1,1,0,-0.08722538943572976,1.149760737066779,-0.12412039741443395,1.6749932888897603,1.5944778736623872,8.374085598359256,0.2781202851555559,3
1238,8,1,4,0,-0.08729374946081121,-0.004911206860984269,-0.12412262387971283,0.09631005890688996,0.10926990981955947,7.998572190140489,-0.0032095892942204103,1
1360,2,1,4,0,-0.08729168849142928,-0.1674823194397489,-0.12412478783584054,-0.15410982889257896,-0.1815620984821471,8.374085598359256,0.2781202851555559,1
8202,10,2,7,2,-0.08823087664314473,-1.6289439823545278,-0.12415333217893551,-1.6269557999051023,-1.669331753954988,9.996888482166584,2.0029365425029355,0
1196,10,2,7,2,-0.08823087664314473,-1.6289439823545278,-0.12415333217893551,-1.6269583633450782,-1.669331753954988,9.996888482166584,2.0029365425029355,0
9997,10,1,7,0,-0.08823087664314473,-1.6289439823545278,-0.12429003022600084,-1.6269573379690878,-1.6693441515980394,9.9314057,-0.14438729707545067,0
1129,0,1,3,0,-0.08741216302649372,0.46260343938128284,-0.12412631948948885,0.38474781229999133,0.34561479619336455,8.374085598359256,0.2781202851555559,1
1155,2,1,0,0,-0.08747266080981862,2.316473572877234,-0.12412778089683436,1.8548796130660992,1.9259539683073292,8.374085598359256,0.2781202851555559,3
1391,8,1,2,0,-0.08743742499885195,-0.10069414955442628,-0.12412627916919503,-0.19705462611976876,-0.19485432401711236,7.998572190140489,-0.0032095892942204103,1
1225,1,1,6,0,-0.08708201947874082,-0.269208147947309,-0.12411654288022822,0.10600498889550271,0.11470716808151477,8.374085598359256,0.2781202851555559,1
1204,2,1,6,0,-0.08736263187965207,1.0791530487848773,-0.12412655773435798,1.0312965922534336,0.9165732105486436,8.374085598359256,0.2781202851555559,3
1056,4,1,4,0,-0.08718692867763041,0.5623940791406428,-0.12412034834485729,0.8882576669777602,0.9084045247977263,8.374085598359256,0.2781202851555559,3
1260,2,1,4,0,-0.08719577463610122,-0.04342171724566769,-0.1241207303094038,0.20435854120039337,0.17416767488816895,8.374085598359256,0.2781202851555559,1
1202,4,1,4,0,-0.0872888883155803,0.33135898933744395,-0.12412193672145015,0.4875525217789241,0.525584922580852,8.374085598359256,0.2781202851555559,1
1005,5,1,2,0,-0.087326564234381,0.6479390850400585,-0.12412494075257843,0.7171772718064141,0.6361191856091434,8.374085598359256,0.2781202851555559,1
3306,4,0,4,0,-0.08746902902669425,-1.3496792081907962,-0.12412798933294439,-1.40297933352037,-1.4169238457426587,8.374085598359256,0.2781202851555559,4
3351,2,0,4,0,-0.08762719764288045,-1.1997923551074623,-0.124132348145111,-1.3485990305609745,-1.3481655970445108,8.374085598359256,0.2781202851555559,4
1111,8,1,4,0,-0.0873004195732194,0.3374595383610081,-0.12412322568978534,0.46280558494019597,0.4420209020307733,7.998572190140489,-0.0032095892942204103,1
1376,2,1,2,0,-0.08745199617497797,0.5403568311880763,-0.12412709700048734,0.33004605396762615,0.360367870504836,8.374085598359256,0.2781202851555559,1
1350,8,1,0,0,-0.08744815121161019,0.2096150191402227,-0.12412785537987349,0.026516816748781463,0.0011836885455743323,7.998572190140489,-0.0032095892942204103,1
1015,10,2,7,2,-0.08823087664314473,-1.6289439823545278,-0.12415333217893551,-1.6269557999051023,-1.669331753954988,9.996888482166584,2.0029365425029355,0
